{"cameraMode":{"drawMode":0,"name":"Shaded","section":"Shading Mode"},"sceneLighting":true,"audioPlay":false,"sceneViewState":{"showFog":true,"showMaterialUpdate":false,"showSkybox":true,"showFlares":true,"showImageEffects":true,"showParticleSystems":true},"in2DMode":false,"pivot":{"x":0.05768632888793945,"y":0.1544189453125,"z":-0.19293710589408875},"rotation":{"x":0.07431983947753906,"y":0.7875586748123169,"z":-0.09686952829360962,"w":0.6040593981742859},"size":0.5474299192428589,"orthographic":false}