{"cameraMode":{"drawMode":0,"name":"Shaded","section":"Shading Mode"},"sceneLighting":false,"audioPlay":false,"sceneViewState":{"showFog":true,"showMaterialUpdate":false,"showSkybox":false,"showFlares":true,"showImageEffects":true,"showParticleSystems":true},"in2DMode":false,"pivot":{"x":0.02316613495349884,"y":0.05897216871380806,"z":-0.003381104674190283},"rotation":{"x":0.25738632678985598,"y":-0.35383906960487368,"z":0.10194004327058792,"w":0.8934059739112854},"size":0.0763295590877533,"orthographic":true}