{"cameraMode":{"drawMode":0,"name":"Shaded","section":"Shading Mode"},"sceneLighting":false,"audioPlay":false,"sceneViewState":{"showFog":true,"showMaterialUpdate":false,"showSkybox":false,"showFlares":true,"showImageEffects":true,"showParticleSystems":true},"in2DMode":false,"pivot":{"x":-0.9851289987564087,"y":0.11651331186294556,"z":0.16180050373077393},"rotation":{"x":-0.06358291953802109,"y":0.9305672645568848,"z":-0.30322563648223879,"w":-0.19513988494873048},"size":0.5278478264808655,"orthographic":false}