{"cameraMode":{"drawMode":0,"name":"Shaded","section":"Shading Mode"},"sceneLighting":false,"audioPlay":false,"sceneViewState":{"showFog":true,"showMaterialUpdate":false,"showSkybox":false,"showFlares":true,"showImageEffects":true,"showParticleSystems":true},"in2DMode":false,"pivot":{"x":0.546999990940094,"y":0.20800000429153443,"z":0.13699999451637269},"rotation":{"x":0.14391279220581056,"y":-0.7846060991287231,"z":0.19825491309165955,"w":0.569546103477478},"size":0.0707106962800026,"orthographic":false}