{"cameraMode":{"drawMode":0,"name":"Shaded","section":"Shading Mode"},"sceneLighting":false,"audioPlay":false,"sceneViewState":{"showFog":true,"showMaterialUpdate":false,"showSkybox":false,"showFlares":true,"showImageEffects":true,"showParticleSystems":true},"in2DMode":false,"pivot":{"x":-1.8745189905166627,"y":-0.6129046678543091,"z":-0.8373951315879822},"rotation":{"x":-0.07078628242015839,"y":-0.9008368849754334,"z":0.1605747640132904,"w":-0.39711710810661318},"size":2.9107627868652345,"orthographic":false}