{"cameraMode":{"drawMode":0,"name":"Shaded","section":"Shading Mode"},"sceneLighting":true,"audioPlay":false,"sceneViewState":{"showFog":true,"showMaterialUpdate":false,"showSkybox":true,"showFlares":true,"showImageEffects":true,"showParticleSystems":true},"in2DMode":false,"pivot":{"x":0.12533187866210938,"y":-0.012616455554962159,"z":0.043674468994140628},"rotation":{"x":0.25256064534187319,"y":0.5140860676765442,"z":-0.16156351566314698,"w":0.8036330342292786},"size":0.5353789329528809,"orthographic":false}