{"cameraMode":{"drawMode":0,"name":"Shaded","section":"Shading Mode"},"sceneLighting":true,"audioPlay":false,"sceneViewState":{"showFog":true,"showMaterialUpdate":false,"showSkybox":true,"showFlares":true,"showImageEffects":true,"showParticleSystems":true},"in2DMode":false,"pivot":{"x":0.027899157255887986,"y":0.08535958081483841,"z":0.05825922265648842},"rotation":{"x":0.6972137093544006,"y":0.020419999957084657,"z":-0.019875967875123025,"w":0.7162970900535584},"size":0.5987811088562012,"orthographic":true}