{"cameraMode":{"drawMode":0,"name":"Shaded","section":"Shading Mode"},"sceneLighting":true,"audioPlay":false,"sceneViewState":{"showFog":true,"showMaterialUpdate":false,"showSkybox":true,"showFlares":true,"showImageEffects":true,"showParticleSystems":true},"in2DMode":false,"pivot":{"x":-0.006888329982757568,"y":0.06362567842006684,"z":-0.07213801145553589},"rotation":{"x":-0.09355425089597702,"y":-0.8722030520439148,"z":0.18398579955101014,"w":-0.4434750974178314},"size":0.7932632565498352,"orthographic":false}