{"cameraMode":{"drawMode":0,"name":"Shaded","section":"Shading Mode"},"sceneLighting":true,"audioPlay":false,"sceneViewState":{"showFog":true,"showMaterialUpdate":false,"showSkybox":true,"showFlares":true,"showImageEffects":true,"showParticleSystems":true},"in2DMode":false,"pivot":{"x":-0.14575475454330445,"y":0.03156048059463501,"z":0.004206039011478424},"rotation":{"x":0.04361855611205101,"y":0.946153998374939,"z":-0.1438618302345276,"w":0.28677448630332949},"size":0.6475529670715332,"orthographic":false}