{"cameraMode":{"drawMode":0,"name":"Shaded","section":"Shading Mode"},"sceneLighting":true,"audioPlay":false,"sceneViewState":{"showFog":true,"showMaterialUpdate":false,"showSkybox":true,"showFlares":true,"showImageEffects":true,"showParticleSystems":true},"in2DMode":false,"pivot":{"x":0.5645046234130859,"y":-0.20084476470947267,"z":0.22054386138916017},"rotation":{"x":0.47581973671913149,"y":-0.0026386172976344826,"z":0.0014274581335484982,"w":0.8795378804206848},"size":2.9017295837402345,"orthographic":false}