{"cameraMode":{"drawMode":0,"name":"Shaded","section":"Shading Mode"},"sceneLighting":false,"audioPlay":false,"sceneViewState":{"showFog":true,"showMaterialUpdate":false,"showSkybox":false,"showFlares":true,"showImageEffects":true,"showParticleSystems":true},"in2DMode":false,"pivot":{"x":0.0,"y":0.33144915103912356,"z":0.00006930157542228699},"rotation":{"x":-0.06718259304761887,"y":-0.2999396324157715,"z":0.021181620657444,"w":-0.9513677358627319},"size":0.5278477072715759,"orthographic":false}