{"cameraMode":{"drawMode":0,"name":"Shaded","section":"Shading Mode"},"sceneLighting":true,"audioPlay":false,"sceneViewState":{"showFog":false,"showMaterialUpdate":false,"showSkybox":true,"showFlares":false,"showImageEffects":false,"showParticleSystems":false},"in2DMode":false,"pivot":{"x":0.2912561893463135,"y":-0.40159618854522707,"z":0.9523802995681763},"rotation":{"x":0.3583041727542877,"y":-0.09359928220510483,"z":0.03613130375742912,"w":0.9281983375549316},"size":1.6082406044006348,"orthographic":false}