{"cameraMode":{"drawMode":0,"name":"Shaded","section":"Shading Mode"},"sceneLighting":false,"audioPlay":false,"sceneViewState":{"showFog":true,"showMaterialUpdate":false,"showSkybox":false,"showFlares":true,"showImageEffects":true,"showParticleSystems":true},"in2DMode":false,"pivot":{"x":0.0017594099044799805,"y":0.48216256499290469,"z":0.10057012736797333},"rotation":{"x":-0.08588412404060364,"y":-0.6623515486717224,"z":-0.07684385776519776,"w":0.7402772307395935},"size":0.5230857729911804,"orthographic":false}