{"cameraMode":{"drawMode":0,"name":"Shaded","section":"Shading Mode"},"sceneLighting":false,"audioPlay":false,"sceneViewState":{"showFog":true,"showMaterialUpdate":false,"showSkybox":false,"showFlares":true,"showImageEffects":true,"showParticleSystems":true},"in2DMode":false,"pivot":{"x":0.0226898193359375,"y":0.06915283203125,"z":-0.0091552734375},"rotation":{"x":0.17225784063339234,"y":-0.3754364252090454,"z":0.07123212516307831,"w":0.9079172015190125},"size":0.08540619164705277,"orthographic":true}